6.164897959183674,6.373877551020408,['AY', 'V']
6.408707482993197,6.582857142857143,['B', 'IH', 'N']
6.861496598639455,7.174965986394557,['N', 'AH', 'TH', 'IH', 'NG']
7.209795918367346,7.418775510204082,['B', 'AH', 'T']
7.453605442176871,7.836734693877551,['D', 'R', 'IH', 'NG', 'K', 'IH', 'NG']
7.9412244897959186,8.185034013605442,['AH', 'N', 'D']
8.219863945578231,8.707482993197278,['TH', 'IH', 'NG', 'K', 'IH', 'NG']
8.777142857142858,12.329795918367347,['Y', 'AE']
12.399455782312925,12.95673469387755,['L', 'AO', 'NG']
13.02639455782313,13.235374149659863,['S', 'IH', 'N', 'S']
13.270204081632652,13.444353741496599,['Y', 'UW']
13.479183673469388,15.499319727891155,['B', 'IH', 'N']
15.638639455782313,18.111564625850338,['AH', 'W', 'EY']
18.216054421768707,18.52952380952381,['AY']
18.5643537414966,18.84299319727891,['D', 'OW', 'N', 'T']
18.91265306122449,19.22612244897959,['TH', 'IH', 'NG', 'K']
19.29578231292517,19.60925170068027,['DH', 'AE', 'T']
19.71374149659864,19.922721088435374,['AY', 'M']
19.99238095238095,20.654149659863943,['K', 'AH', 'M', 'IH', 'NG']
20.688979591836734,23.92816326530612,['B', 'AE', 'K']
23.9978231292517,24.346122448979592,['B', 'OY']
24.41578231292517,24.659591836734695,['AY']
24.729251700680273,25.042721088435375,['T', 'OW', 'L', 'D']
25.112380952380953,25.425850340136055,['Y', 'UW']
25.53034013605442,25.774149659863944,['AY', 'M']
25.843809523809522,26.157278911564624,['D', 'AH', 'N']
26.192108843537415,26.505578231292517,['W', 'IH', 'DH']
26.575238095238095,29.779591836734692,['DH', 'AE', 'T']
29.84925170068027,30.162721088435372,['Y', 'UW']
30.23238095238095,30.545850340136052,['TH', 'IH', 'NG', 'K']
30.580680272108843,30.894149659863945,['Y', 'UW']
30.963809523809523,31.312108843537413,['K', 'AE', 'N']
31.346938775510203,31.590748299319728,['D', 'UW']
31.660408163265306,31.973877551020408,['M', 'IY']
32.008707482993195,33.78503401360544,['S', 'OW']
33.85469387755102,34.2378231292517,['R', 'AO', 'NG']
34.307482993197276,34.58612244897959,['AY', 'M']
34.62095238095238,34.93442176870748,['N', 'AA', 'T']
34.969251700680275,35.247891156462586,['DH', 'AH']
35.31755102040816,36.014149659863946,['W', 'AH', 'N']
36.04897959183673,36.74557823129252,['N', 'OW']
37.23319727891156,37.51183673469388,['AY', 'M']
37.54666666666667,37.860136054421766,['N', 'AA', 'T']
37.92979591836735,38.243265306122446,['DH', 'AH']
38.27809523809524,41.09931972789116,['W', 'AH', 'N']
41.16897959183673,41.30829931972789,['B', 'AE', 'K']
41.412789115646255,41.48244897959184,['IH', 'N']
41.55210884353741,41.83074829931973,['HH', 'AY']
41.86557823129252,42.21387755102041,['S', 'K', 'UW', 'L']
42.283537414965984,42.562176870748296,['AH', 'N', 'D', 'ER']
42.59700680272109,42.77115646258503,['DH', 'AH']
42.80598639455782,43.119455782312926,['T', 'R', 'IY', 'Z']
43.1891156462585,43.29360544217687,['W', 'IY']
43.328435374149656,43.502585034013606,['Y', 'UW', 'S']
43.57224489795918,43.67673469387755,['T', 'UW']
43.74639455782313,43.885714285714286,['M', 'EH', 'S']
43.990204081632655,44.268843537414966,['ER', 'AW', 'N', 'D']
44.30367346938775,44.40816326530612,['AY', 'D']
44.477823129251696,44.61714285714286,['F', 'IY', 'L']
44.651972789115646,44.7912925170068,['Y', 'UW']
44.82612244897959,45.00027210884354,['D', 'AW', 'N']
45.03510204081633,45.17442176870748,['R', 'AY', 'T']
45.20925170068027,45.348571428571425,['DH', 'EH', 'R']
45.41823129251701,45.522721088435375,['IH', 'N']
45.55755102040816,45.731700680272105,['DH', 'AH']
45.7665306122449,46.25414965986394,['S', 'T', 'R', 'IY', 'T', 'S']
46.32380952380952,46.776598639455784,['D', 'AE', 'M']
46.84625850340136,46.985578231292514,['DH', 'OW', 'Z']
47.055238095238096,47.159727891156464,['W', 'ER']
47.19455782312925,47.33387755102041,['DH', 'AH']
47.40353741496598,47.71700680272109,['D', 'EY', 'Z']
47.78666666666666,48.413605442176866,['B', 'EY', 'B', 'IY']
48.48326530612245,48.6225850340136,['N', 'AW']
48.65741496598639,48.796734693877546,['Y', 'UW']
48.86639455782313,49.17986394557823,['B', 'EH', 'R', 'L', 'IY']
49.24952380952381,49.35401360544218,['L', 'UH', 'K']
49.458503401360545,49.52816326530612,['AE', 'T']
49.5978231292517,49.70231292517007,['M', 'IY']
49.73714285714286,49.9112925170068,['L', 'AY', 'K']
49.946122448979594,50.050612244897955,['Y', 'UW']
50.08544217687075,50.224761904761905,['W', 'AA', 'Z']
50.29442176870748,50.607891156462586,['N', 'EH', 'V', 'ER']
50.64272108843537,50.816870748299316,['M', 'AY']
50.85170068027211,51.199999999999996,['L', 'EY', 'D', 'IY']
51.26965986394558,51.40897959183673,['W', 'AH', 'T']
51.44380952380952,51.583129251700676,['HH', 'AE', 'Z']
51.61795918367347,51.72244897959184,['DH', 'IH', 'S']
51.79210884353741,51.93142857142857,['K', 'AH', 'M']
51.966258503401356,52.070748299319725,['T', 'UW']
52.140408163265306,52.837006802721085,['B', 'IY']
52.906666666666666,53.394285714285715,['SH', 'IH', 'T']
53.46394557823129,53.56843537414966,['AY']
53.603265306122445,53.7425850340136,['G', 'EH', 'S']
53.81224489795918,53.95156462585034,['W', 'IY']
53.986394557823125,54.12571428571428,['G', 'R', 'OW', 'N']
54.23020408163265,55.031292517006804,['AH', 'P', 'AA', 'R', 'T']
55.10095238095238,55.240272108843534,['W', 'EH', 'N', 'T']
55.27510204081632,55.414421768707484,['AH', 'N', 'D']
55.44925170068027,56.11102040816326,['S', 'EH', 'P', 'ER', 'EY', 'T', 'AH', 'D']
56.180680272108845,56.32,['B', 'AH', 'T']
56.35482993197279,56.49414965986394,['Y', 'UW']
56.52897959183673,56.668299319727886,['S', 'T', 'IH', 'L']
56.772789115646255,56.842448979591836,['AH', 'P']
56.946938775510205,57.01659863945578,['IH', 'N']
57.08625850340136,57.2604081632653,['M', 'AY']
57.29523809523809,57.78285714285714,['HH', 'AA', 'R', 'T']
57.85251700680272,57.99183673469388,['AH', 'N', 'D']
58.026666666666664,58.16598639455782,['DH', 'AE', 'T']
58.200816326530614,58.305306122448975,['W', 'IH', 'L']
58.409795918367344,58.688435374149655,['AO', 'L', 'W', 'EY', 'Z']
58.75809523809524,58.862585034013605,['B', 'IY']
58.89741496598639,59.03673469387755,['DH', 'AH']
59.10639455782313,59.28054421768707,['K', 'EY', 'S']
59.31537414965986,59.41986394557823,['Y', 'UW']
59.454693877551016,59.59401360544218,['W', 'ER']
59.628843537414966,59.76816326530612,['M', 'AY']
59.837823129251696,60.18612244897959,['F', 'ER', 'S', 'T']
60.220952380952376,60.67374149659864,['W', 'AH', 'N']
60.74340136054422,60.882721088435375,['N', 'OW']
60.91755102040816,61.23102040816326,['M', 'AE', 'T', 'ER']
61.30068027210884,61.44,['HH', 'AW']
61.474829931972785,61.57931972789115,['DH', 'AH']
61.648979591836735,61.7534693877551,['F', 'AH', 'K']
61.78829931972789,61.92761904761905,['W', 'IY']
61.962448979591834,62.136598639455784,['S', 'P', 'L', 'IH', 'T']
62.241088435374145,62.345578231292514,['AY']
62.3804081632653,62.519727891156464,['W', 'IH', 'SH']
62.58938775510204,62.69387755102041,['Y', 'UW']
62.728707482993194,63.0421768707483,['N', 'AA', 'TH', 'IH', 'N']
63.111836734693874,63.25115646258503,['B', 'AH', 'T']
63.32081632653061,63.59945578231292,['L', 'AH', 'V']
63.669115646258504,63.80843537414966,['B', 'AH', 'T']
63.84326530612245,64.01741496598639,['N', 'AW']
64.12190476190476,64.40054421768707,['AY', 'M']
64.43537414965986,64.74884353741497,['D', 'UW', 'IH', 'NG']
64.78367346938775,64.92299319727891,['DH', 'IY', 'Z']
64.99265306122449,65.3061224489796,['SH', 'OW', 'Z']
65.41061224489796,65.51510204081633,['AH', 'N', 'D']
65.54993197278911,65.65442176870748,['AY', 'M']
65.72408163265305,66.00272108843538,['M', 'EY', 'K', 'IH', 'NG']
66.03755102040816,66.17687074829932,['DH', 'IH', 'S']
66.2465306122449,66.56,['M', 'AH', 'N', 'IY']
66.62965986394558,66.73414965986395,['AY', 'M']
66.80380952380952,67.08244897959183,['N', 'EH', 'V', 'ER']
67.11727891156463,67.46557823129251,['S', 'T', 'AA', 'P', 'IH', 'N']
67.5352380952381,67.67455782312925,['F', 'AO', 'R']
67.70938775510204,67.81387755102041,['DH', 'IY', 'Z']
67.88353741496599,68.19700680272109,['HH', 'OW', 'Z']
68.26666666666667,68.33632653061224,['AO', 'L']
68.37115646258503,68.54530612244898,['W', 'AA', 'N', 'T']
68.58013605442177,68.71945578231292,['M', 'IY']
68.7891156462585,69.1025850340136,['F', 'AO', 'R']
69.1374149659864,69.4160544217687,['M', 'AH', 'N', 'IY']
69.52054421768707,69.65986394557822,['AH', 'N', 'D']
69.72952380952381,70.3912925170068,['SH', 'IH', 'T']
70.42612244897958,70.60027210884354,['G', 'AA', 'T']
70.63510204081632,70.73959183673469,['DH', 'IY', 'Z']
70.84408163265306,71.08789115646259,['N', 'UW']
71.12272108843537,71.3317006802721,['F', 'R', 'EH', 'N', 'D', 'Z']
71.3665306122449,71.47102040816327,['AA', 'N']
71.54068027210884,71.67999999999999,['D', 'EH', 'K']
71.74965986394558,71.85414965986395,['W', 'EH', 'N']
71.9586394557823,72.02829931972789,['AY']
72.09795918367347,72.23727891156463,['K', 'AE', 'SH']
72.34176870748298,72.41142857142857,['IH', 'N']
72.44625850340135,72.58557823129252,['M', 'AY']
72.65523809523809,72.9338775510204,['CH', 'EH', 'K', 'S']
73.00353741496599,73.14285714285714,['L', 'EY', 'T']
73.21251700680271,73.2821768707483,['AH', 'P']
73.38666666666667,73.49115646258504,['AA', 'N']
73.52598639455782,73.66530612244898,['DH', 'EY']
73.70013605442176,73.87428571428572,['R', 'EH', 'N', 'T']
73.9091156462585,74.2225850340136,['F', 'IY', 'L', 'IH', 'NG']
74.2574149659864,74.39673469387755,['M', 'AY']
74.43156462585034,74.60571428571428,['HH', 'AA', 'R', 'T']
74.64054421768708,74.95401360544217,['P', 'AA', 'P', 'IH', 'N']
75.02367346938776,75.30231292517007,['UW', 'T', 'AH']
75.33714285714285,75.54612244897959,['M', 'AY']
75.61578231292516,76.24272108843537,['CH', 'EH', 'S', 'T']
76.31238095238095,76.41687074829932,['EY', 'N', 'T']
76.45170068027211,76.59102040816326,['N', 'OW']
76.62585034013605,76.93931972789116,['S', 'L', 'IH', 'P', 'IH', 'N']
77.04380952380953,77.1134693877551,['IH', 'N']
77.18312925170068,77.32244897959184,['DH', 'IH', 'S']
77.39210884353741,77.7404081632653,['G', 'EY', 'M']
77.7752380952381,78.22802721088435,['DH', 'OW']
78.29768707482992,78.43700680272109,['DH', 'EY']
78.47183673469388,78.61115646258503,['T', 'EY', 'K']
78.7156462585034,79.16843537414965,['AE', 'D', 'V', 'AE', 'N', 'T', 'IH', 'JH']
79.23809523809524,79.37741496598639,['JH', 'AH', 'S', 'T']
79.41224489795918,79.55156462585033,['T', 'UW']
79.58639455782313,79.72571428571429,['Y', 'UW', 'S']
79.76054421768707,79.89986394557823,['Y', 'UW']
79.93469387755101,80.07401360544218,['F', 'AO', 'R']
80.10884353741497,80.28299319727891,['DH', 'AH']
80.31782312925169,80.66612244897959,['K', 'L', 'AW', 'T']
80.70095238095237,81.15374149659864,['T', 'UW']
81.22340136054422,81.36272108843538,['TH', 'AE', 'T', 'S']
81.43238095238095,81.67619047619047,['W', 'AY']
81.74585034013606,81.78068027210884,['AY']
81.81551020408163,81.92,['K', 'IY', 'P']
81.98965986394558,82.12897959183674,['M', 'AY']
82.16380952380952,82.47727891156462,['S', 'ER', 'K', 'AH', 'L']
82.51210884353742,82.8604081632653,['S', 'M', 'AO', 'L']
82.93006802721088,83.03455782312925,['AH', 'N', 'D']
83.06938775510204,83.20870748299319,['AY']
83.24353741496599,83.38285714285713,['K', 'IY', 'P']
83.41768707482993,83.55700680272109,['M', 'AY']
83.59183673469387,83.94013605442177,['F', 'R', 'EH', 'N', 'D', 'Z']
84.00979591836735,84.4974149659864,['K', 'L', 'OW', 'S']
84.53224489795919,85.19401360544218,['R', 'IH', 'M', 'EH', 'M', 'B', 'ER', 'IH', 'NG']
85.22884353741496,85.36816326530612,['T', 'UW']
85.4378231292517,85.57714285714286,['W', 'AA', 'CH']
85.61197278911564,85.7512925170068,['M', 'AY']
85.82095238095238,86.48272108843537,['EH', 'N', 'AH', 'M', 'IY', 'Z']
86.51755102040816,86.65687074829931,['W', 'EH', 'N']
86.6917006802721,86.83102040816327,['DH', 'EY']
86.90068027210884,87.21414965986395,['K', 'AH', 'M', 'IH', 'NG']
87.45795918367347,88.01523809523809,['TH', 'R', 'UW']
88.11972789115646,88.2938775510204,['AY']
88.36353741496599,89.09496598639456,['D', 'OW', 'N', 'T']
89.16462585034013,89.47809523809524,['TH', 'IH', 'NG', 'K']
89.51292517006803,89.86122448979592,['DH', 'AE', 'T']
89.93088435374149,90.17469387755102,['AY', 'M']
90.2443537414966,90.8712925170068,['K', 'AH', 'M', 'IH', 'NG']
90.94095238095238,94.18013605442177,['B', 'AE', 'K']
94.24979591836734,94.42394557823128,['B', 'OY']
94.63292517006802,94.91156462585033,['AY']
94.98122448979592,95.29469387755101,['T', 'OW', 'L', 'D']
95.3643537414966,95.67782312925169,['Y', 'UW']
95.78231292517006,96.02612244897959,['AY', 'M']
96.06095238095237,96.40925170068027,['D', 'AH', 'N']
96.44408163265305,96.75755102040816,['W', 'IH', 'DH']
96.79238095238095,100.03156462585034,['DH', 'AE', 'T']
100.10122448979591,100.41469387755102,['Y', 'UW']
100.48435374149659,100.7978231292517,['TH', 'IH', 'NG', 'K']
100.83265306122449,101.14612244897958,['Y', 'UW']
101.18095238095238,101.52925170068026,['K', 'AE', 'N']
101.56408163265306,101.84272108843537,['D', 'UW']
101.91238095238094,102.22585034013605,['M', 'IY']
102.26068027210884,104.03700680272108,['S', 'OW']
104.10666666666667,104.48979591836735,['R', 'AO', 'NG']
104.55945578231292,104.80326530612244,['AY', 'M']
104.87292517006803,105.15156462585034,['N', 'AA', 'T']
105.22122448979592,105.49986394557823,['DH', 'AH']
105.5695238095238,106.26612244897959,['W', 'AH', 'N']
106.30095238095238,106.96272108843537,['N', 'OW']
107.06721088435374,107.76380952380953,['AY', 'M']
107.79863945578231,108.11210884353741,['N', 'AA', 'T']
108.18176870748299,108.4952380952381,['DH', 'AH']
108.53006802721089,111.17714285714285,['W', 'AH', 'N']
111.28163265306122,111.38612244897959,['AY', 'M']
111.42095238095237,111.76925170068027,['F', 'IY', 'L', 'IH', 'NG']
111.80408163265305,112.08272108843538,['B', 'L', 'EH', 'S', 'IH', 'D']
112.18721088435373,112.50068027210884,['N', 'AW']
112.64,112.70965986394557,['AY', 'M']
112.91863945578231,113.19727891156462,['F', 'AY', 'N', 'AH', 'L', 'IY']
113.33659863945577,113.65006802721088,['EY', 'B', 'AH', 'L']
113.68489795918367,113.75455782312925,['T', 'UW']
113.78938775510204,114.13768707482993,['S', 'AH', 'P', 'AO', 'R', 'T']
114.17251700680272,114.31183673469387,['M', 'AY']
114.34666666666666,114.69496598639455,['M', 'AA', 'M', 'AH']
114.72979591836734,115.21741496598639,['T', 'UW']
115.25224489795919,115.39156462585034,['N', 'OW']
115.42639455782313,115.60054421768707,['M', 'AO', 'R']
115.63537414965987,115.98367346938775,['D', 'AH', 'B', 'AH', 'L']
116.05333333333333,116.50612244897958,['SH', 'IH', 'F', 'T', 'S']
116.54095238095238,116.68027210884354,['N', 'OW']
116.71510204081632,116.85442176870748,['M', 'AO', 'R']
116.88925170068026,117.20272108843537,['S', 'T', 'R', 'EH', 'S', 'IH', 'NG']
117.27238095238094,117.4117006802721,['B', 'AW', 'T']
117.4465306122449,117.62068027210884,['DH', 'AH']
117.65551020408162,117.96897959183673,['R', 'EH', 'N', 'T']
118.0386394557823,118.14312925170067,['SH', 'IH', 'T']
118.17795918367347,118.66557823129251,['K', 'AH', 'M', 'P', 'L', 'EY', 'N', 'IH', 'NG']
118.70040816326531,118.87455782312925,['AH', 'B', 'AW', 'T']
118.90938775510203,119.0487074829932,['DH', 'AH']
119.08353741496599,119.39700680272108,['HH', 'AH', 'NG', 'G', 'ER']
119.50149659863945,119.60598639455782,['AH', 'N', 'D']
119.64081632653061,119.95428571428572,['G', 'OY', 'N']
119.9891156462585,120.12843537414966,['T', 'UW']
120.16326530612244,120.51156462585034,['B', 'EH', 'D']
120.54639455782312,120.89469387755102,['S', 'T', 'AA', 'R', 'V', 'IH', 'NG']
120.9643537414966,121.06884353741496,['AH', 'N', 'D']
121.13850340136054,121.2429931972789,['IH', 'T', 'S']
121.34748299319727,121.45197278911564,['AO', 'L']
121.48680272108844,121.66095238095238,['TH', 'AE', 'NG', 'K', 'S']
121.69578231292516,121.83510204081632,['T', 'UW']
121.9047619047619,122.35755102040817,['Y', 'UW']
122.39238095238095,123.08897959183673,['M', 'AA', 'M', 'AH']
123.1934693877551,123.26312925170068,['IH', 'F']
123.36761904761904,123.43727891156462,['IH', 'T']
123.5069387755102,123.8204081632653,['W', 'AO', 'S', 'T']
123.89006802721089,123.99455782312924,['AO', 'L']
124.02938775510204,124.20353741496598,['F', 'AO', 'R']
124.23836734693877,124.55183673469388,['Y', 'UW']
124.58666666666666,125.07428571428571,['B', 'IH', 'L', 'IY', 'V', 'IH', 'NG']
125.14394557823128,125.24843537414965,['IH', 'N']
125.31809523809524,125.80571428571429,['M', 'IY']
125.91020408163266,126.01469387755101,['AY', 'D']
126.0495238095238,126.39782312925169,['P', 'R', 'AA', 'B', 'AH', 'B', 'L', 'IY']
126.43265306122449,126.53714285714285,['B', 'IY']
126.60680272108843,126.74612244897959,['IH', 'N']
126.81578231292517,127.12925170068027,['JH', 'EY', 'L']
127.16408163265305,127.47755102040816,['D', 'OY', 'N']
127.51238095238095,127.6517006802721,['T', 'UW']
127.6865306122449,127.82585034013606,['T', 'UW']
127.89551020408163,128.38312925170067,['TH', 'R', 'IY']
128.41795918367347,128.52244897959184,['Y', 'UW']
128.5921088435374,128.76625850340136,['R', 'EY', 'Z', 'D']
128.80108843537414,128.9055782312925,['M', 'IY']
129.01006802721088,129.07972789115647,['AH', 'P']
129.18421768707483,129.2887074829932,['AO', 'L']
129.35836734693876,129.42802721088435,['AA', 'N']
129.46285714285713,129.6021768707483,['Y', 'AO', 'R']
129.70666666666665,129.98530612244897,['OW', 'N']
130.02013605442176,130.15945578231293,['G', 'R', 'UW']
130.2291156462585,130.33360544217686,['AH', 'P']
130.36843537414967,130.89088435374148,['W', 'IH', 'TH', 'AW', 'T']
130.9257142857143,131.06503401360544,['M', 'AY']
131.09986394557822,131.48299319727892,['P', 'AA', 'P', 'AH']
131.55265306122448,131.65714285714284,['AH', 'N', 'D']
131.69197278911565,131.8312925170068,['Y', 'UW']
131.9009523809524,132.00544217687076,['P', 'UH', 'T']
132.07510204081632,132.1795918367347,['AH', 'P']
132.21442176870747,132.35374149659864,['W', 'IH', 'DH']
132.38857142857142,132.56272108843538,['M', 'AY']
132.59755102040816,132.77170068027212,['SH', 'IH', 'T']
132.8065306122449,132.94585034013605,['F', 'AO', 'R']
132.98068027210883,133.15482993197278,['DH', 'AE', 'T']
133.18965986394556,133.32897959183674,['Y', 'UW']
133.36380952380952,133.4682993197279,['N', 'OW']
133.57278911564626,133.7121088435374,['AY', 'M']
133.7469387755102,134.7570068027211,['G', 'R', 'EY', 'T', 'F', 'AH', 'L']
134.79183673469387,135.17496598639457,['B', 'L', 'EH', 'S', 'IH', 'NG']
135.20979591836735,135.31428571428572,['W', 'IH', 'DH']
135.3491156462585,135.52326530612245,['DH', 'AH']
135.55809523809523,135.90639455782312,['F', 'AE', 'M', 'AH', 'L', 'IY']
136.0108843537415,136.254693877551,['AH', 'N', 'D']
136.2895238095238,136.53333333333333,['F', 'R', 'EH', 'N', 'D', 'Z']
136.5681632653061,136.6378231292517,['AO', 'L']
136.67265306122448,136.81197278911563,['DH', 'AE', 'T']
136.88163265306122,136.9861224489796,['AY']
137.02095238095237,137.71755102040817,['HH', 'AE', 'V']
137.75238095238095,137.9265306122449,['G', 'AA', 'T']
137.99619047619046,138.06585034013605,['AH']
138.13551020408164,138.44897959183672,['L', 'AH', 'V', 'IH', 'NG']
138.48380952380953,138.79727891156463,['K', 'AH', 'Z', 'AH', 'N']
138.8321088435374,138.97142857142856,['N', 'OW']
139.07591836734693,139.1804081632653,['AY']
139.21523809523808,139.563537414966,['G', 'AA', 'CH', 'UW']
139.59836734693877,139.70285714285714,['T', 'IH', 'L']
139.73768707482992,139.8770068027211,['DH', 'AH']
139.98149659863944,140.64326530612246,['EH', 'N', 'D']
140.71292517006802,140.85224489795917,['SH', 'AW', 'T']
140.92190476190476,141.02639455782312,['AW', 'T']
141.0612244897959,141.16571428571427,['T', 'UW']
141.20054421768708,141.33986394557823,['M', 'AY']
141.4443537414966,142.1061224489796,['K', 'R', 'UW']
142.21061224489796,142.45442176870748,['AE', 'D', 'AH', 'M']
142.55891156462584,142.698231292517,['AH', 'N', 'D']
142.7330612244898,143.22068027210884,['D', 'AE', 'N']
143.29034013605443,143.74312925170068,['AE', 'N', 'JH', 'AH', 'L', 'OW']
143.81278911564627,144.26557823129252,['AA', 'M', 'IY', 'N']
144.3700680272109,144.47455782312926,['AH', 'N', 'D']
144.50938775510204,144.82285714285715,['M', 'AE', 'K']
144.8925170068027,145.03183673469388,['Y', 'UW']
145.06666666666666,145.17115646258503,['N', 'OW']
145.2756462585034,145.38013605442177,['AY']
145.41496598639455,145.5891156462585,['G', 'AA', 'T']
145.6239455782313,145.76326530612243,['Y', 'AO', 'R']
145.83292517006802,146.49469387755101,['B', 'AE', 'K', 'S']
146.5643537414966,146.80816326530612,['SH', 'IH', 'T']
147.05197278911564,147.1912925170068,['W', 'IY']
147.2261224489796,147.5395918367347,['R', 'EH', 'P', 'IH', 'N']
147.64408163265307,148.1317006802721,['AA', 'T', 'AH', 'W', 'AA']
148.16653061224488,148.89795918367346,['AA', 'N', 'T', 'EH', 'R', 'IY', 'OW']
148.93278911564624,149.07210884353742,['W', 'IY']
149.1765986394558,149.3855782312925,['AH', 'P']
149.49006802721087,149.59455782312924,['AE', 'T']
149.62938775510204,149.7687074829932,['DH', 'AH']
149.80353741496597,150.32598639455782,['P', 'AA', 'R', 'L', 'AH', 'M', 'AH', 'N', 'T']
150.3956462585034,150.7091156462585,['JH', 'AE', 'M', 'IH', 'NG']
150.77877551020407,150.88326530612244,['AW', 'T']
150.95292517006803,151.0574149659864,['AO', 'L']
151.16190476190476,151.26639455782313,['AA', 'N']
151.3012244897959,151.47537414965987,['DH', 'AH']
151.51020408163265,151.78884353741495,['R', 'EY', 'D', 'IY', 'OW']
151.85850340136054,151.99782312925169,['AY']
152.0326530612245,152.17197278911564,['K', 'IY', 'P']
152.20680272108842,152.3461224489796,['M', 'AY']
152.38095238095238,152.69442176870749,['S', 'ER', 'K', 'AH', 'L']
152.72925170068027,153.07755102040815,['S', 'M', 'AO', 'L']
153.18204081632652,153.2865306122449,['AH', 'N', 'D']
153.35619047619048,153.42585034013604,['AY']
153.49551020408163,153.63482993197277,['R', 'EH', 'P']
153.66965986394558,153.80897959183673,['M', 'AY']
153.87863945578232,154.2269387755102,['F', 'AE', 'M']
154.261768707483,154.74938775510205,['T', 'UW']
154.78421768707483,155.4808163265306,['R', 'IH', 'M', 'EH', 'M', 'B', 'ER', 'IH', 'NG']
155.5156462585034,155.62013605442178,['T', 'UW']
155.68979591836734,155.8291156462585,['W', 'AA', 'CH']
155.8639455782313,156.00326530612244,['AW', 'ER']
156.1077551020408,156.73469387755102,['EH', 'N', 'AH', 'M', 'IY', 'Z']
156.7695238095238,156.90884353741495,['W', 'EH', 'N']
156.94367346938776,157.0829931972789,['DH', 'EY']
157.1526530612245,158.30204081632652,['K', 'AH', 'M', 'IH', 'NG']
158.3368707482993,158.54585034013604,['TH', 'R', 'UW']
158.68517006802722,158.96380952380952,['AY']
158.9986394557823,159.3121088435374,['D', 'OW', 'N', 'T']
159.381768707483,159.6604081632653,['TH', 'IH', 'NG', 'K']
159.73006802721088,160.11319727891157,['DH', 'AE', 'T']
160.14802721088435,160.39183673469387,['AY', 'M']
160.42666666666665,161.12326530612245,['K', 'AH', 'M', 'IH', 'NG']
161.15809523809523,164.4321088435374,['B', 'AE', 'K']
164.4669387755102,164.64108843537414,['B', 'OY']
164.88489795918366,165.12870748299318,['AY']
165.19836734693877,165.51183673469387,['T', 'OW', 'L', 'D']
165.58149659863946,165.89496598639457,['Y', 'UW']
165.9994557823129,166.24326530612245,['AY', 'M']
166.27809523809523,166.59156462585034,['D', 'AH', 'N']
166.66122448979593,166.93986394557822,['W', 'IH', 'DH']
167.0095238095238,170.24870748299318,['DH', 'AE', 'T']
170.31836734693877,170.63183673469388,['Y', 'UW']
170.66666666666666,171.01496598639454,['TH', 'IH', 'NG', 'K']
171.04979591836735,171.36326530612246,['Y', 'UW']
171.39809523809524,171.74639455782312,['K', 'AE', 'N']
171.7812244897959,172.05986394557823,['D', 'UW']
172.094693877551,172.40816326530611,['M', 'IY']
172.4778231292517,172.8261224489796,['S', 'OW']
172.86095238095237,174.25414965986394,['R', 'AO', 'NG']
174.3586394557823,175.0204081632653,['AY', 'M']
175.0900680272109,175.3687074829932,['N', 'AA', 'T']
175.43836734693878,175.71700680272107,['DH', 'AH']
175.75183673469388,176.48326530612243,['W', 'AH', 'N']
176.51809523809524,177.214693877551,['N', 'OW']
177.2843537414966,177.9461224489796,['AY', 'M']
178.01578231292515,178.32925170068026,['N', 'AA', 'T']
178.36408163265307,178.67755102040815,['DH', 'AH']
178.74721088435373,182.0212244897959,['W', 'AH', 'N']
182.12571428571428,182.4391836734694,['AY']
182.47401360544217,182.7526530612245,['D', 'OW', 'N', 'T']
182.82231292517005,183.13578231292516,['TH', 'IH', 'NG', 'K']
183.17061224489797,183.51891156462585,['DH', 'AE', 'T']
183.5885714285714,183.83238095238096,['AY', 'M']
183.90204081632652,184.2503401360544,['K', 'AH', 'M', 'IH', 'NG']
184.2851700680272,184.52897959183673,['B', 'AE', 'K']
184.59863945578232,184.9121088435374,['N', 'AA', 'T']
185.08625850340135,185.5390476190476,['K', 'AH', 'M', 'IH', 'NG']
185.57387755102042,185.8525170068027,['ER', 'AW', 'N', 'D']
185.95700680272108,186.02666666666667,['N', 'OW']
186.06149659863945,186.40979591836734,['M', 'AO', 'R']
186.44462585034012,186.75809523809522,['L', 'AY', 'K']
186.79292517006803,187.8378231292517,['DH', 'AE', 'T']
187.90748299319728,188.11646258503401,['B', 'OY']
188.32544217687075,188.56925170068027,['AY']
188.63891156462586,188.95238095238093,['T', 'OW', 'L', 'D']
189.02204081632652,189.33551020408163,['Y', 'UW']
189.44,189.68380952380951,['AY', 'M']
189.7186394557823,190.0669387755102,['D', 'AH', 'N']
190.101768707483,190.3804081632653,['W', 'IH', 'DH']
190.45006802721088,190.62421768707483,['DH', 'AE', 'T']
190.79836734693876,191.56462585034012,['D', 'AH', 'N']
191.6342857142857,193.3409523809524,['W', 'IH', 'DH']
193.44544217687076,193.68925170068027,['AO', 'L']
193.75891156462583,193.9330612244898,['DH', 'AE', 'T']
193.96789115646257,194.07238095238094,['SH', 'IH', 'T']
194.14204081632653,194.45551020408163,['B', 'EY', 'B', 'IY']
194.4903401360544,194.80380952380952,['Y', 'UW']
194.8734693877551,195.18693877551019,['TH', 'IH', 'NG', 'K']
195.221768707483,195.5004081632653,['Y', 'UW']
195.5352380952381,195.8487074829932,['K', 'AE', 'N']
195.91836734693877,196.1273469387755,['D', 'UW']
196.16217687074828,196.23183673469387,['M', 'IY']
196.30149659863946,196.68462585034013,['S', 'OW']
196.75428571428571,196.85877551020408,['R', 'AO', 'NG']
196.89360544217686,196.99809523809523,['D', 'UW']
197.06775510204082,197.34639455782312,['M', 'IY']
197.38122448979593,197.7295238095238,['S', 'OW']
197.7643537414966,197.90367346938774,['R', 'AO', 'NG']
198.0778231292517,198.46095238095236,['L', 'AY', 'K']
198.56544217687073,198.80925170068028,['AY', 'M']
198.87891156462584,199.01823129251702,['N', 'AA', 'T']
199.0530612244898,199.15755102040816,['DH', 'AH']
199.22721088435372,199.40136054421768,['W', 'AH', 'N']
199.47102040816327,199.61034013605442,['N', 'OW']
199.6451700680272,199.92380952380952,['N', 'AA', 'T']
199.9586394557823,200.20244897959182,['DH', 'AH']
200.23727891156463,200.65523809523808,['W', 'AH', 'N']
200.69006802721088,201.07319727891155,['B', 'EY', 'B', 'IY']
201.14285714285714,201.42149659863944,['AY', 'M']
201.45632653061224,201.76979591836735,['N', 'AA', 'T']
201.8394557823129,202.15292517006802,['DH', 'AH']
202.1877551020408,202.39673469387753,['W', 'AH', 'N']
203.09333333333333,205.4269387755102,['N', 'AA', 'T']
205.49659863945578,227.8225850340136,['DH', 'AH']
228.4843537414966,229.56408163265306,['W', 'AH', 'N']
229.59891156462584,239.978231292517,['B', 'EY', 'B', 'IY']
